,total_pnl,avg_pnl,profit_ratio,total_volume,avg_trade_size,unique_traders,risk_adjusted_return,value
total_pnl,1.0,0.37605315333987477,0.17008601634491796,0.3257585185485756,-0.015941021691784504,0.440197064901152,-0.030790409958725586,-0.08264200129021668
avg_pnl,0.37605315333987477,1.0,0.34121749657017736,0.013027646227074948,0.0467860673045207,0.05179605085146139,0.34615480013588446,0.03731475386877146
profit_ratio,0.17008601634491796,0.34121749657017736,1.0,0.04847712859757453,-0.040215068129273335,0.12436389582028834,0.6096257946732122,0.15248517677443094
total_volume,0.3257585185485756,0.013027646227074948,0.04847712859757453,1.0,0.2818378113175267,0.6408241799947418,-0.16072737026111666,-0.2643713973011386
avg_trade_size,-0.015941021691784504,0.0467860673045207,-0.040215068129273335,0.2818378113175267,1.0,-0.08503183589490092,0.05599776604036215,-0.05182412874228098
unique_traders,0.440197064901152,0.05179605085146139,0.12436389582028834,0.6408241799947418,-0.08503183589490092,1.0,-0.22758120931239997,-0.2775095753776318
risk_adjusted_return,-0.030790409958725586,0.34615480013588446,0.6096257946732122,-0.16072737026111666,0.05599776604036215,-0.22758120931239997,1.0,0.12410938561497886
value,-0.08264200129021668,0.03731475386877146,0.15248517677443094,-0.2643713973011386,-0.05182412874228098,-0.2775095753776318,0.12410938561497886,1.0
